{
  "mean": {
    "S01": 0.13928002317832827,
    "S02": 0.21827731092436978,
    "S03": 0.22500000000000003,
    "S04": 0.3014285714285715,
    "S05": 0.26371148459383753,
    "S06": 0.18289915966386555,
    "S07": 0.1523928215353938,
    "S08": 0.18612745098039216,
    "S09": 0.19747899159663868,
    "S10": 0.22995798319327734,
    "S11": 0.45,
    "S12": 0.1703318615581826,
    "S13": 0.22887053126335283,
    "S14": 0.15496498599439776,
    "S15": 0.13594217347956133,
    "S16": 0.4708333333333333,
    "S17": 0.2008403361344538,
    "S18": 0.2511764705882353,
    "S19": 0.2913095238095238,
    "S20": 0.1285714285714286
  },
  "folds": {
    "S01": [
      0.11864406779661017,
      0.1016949152542373,
      0.1271186440677966,
      0.13559322033898305,
      0.1623931623931624,
      0.1271186440677966,
      0.1864406779661017,
      0.13559322033898305,
      0.11016949152542373,
      0.18803418803418803
    ],
    "S02": [
      0.2,
      0.21666666666666667,
      0.18333333333333332,
      0.19327731092436976,
      0.3445378151260504,
      0.225,
      0.20833333333333334,
      0.21666666666666667,
      0.18487394957983194,
      0.21008403361344538
    ],
    "S03": [
      0.21666666666666667,
      0.24166666666666667,
      0.26666666666666666,
      0.20833333333333334,
      0.225,
      0.2,
      0.225,
      0.23333333333333334,
      0.20833333333333334,
      0.225
    ],
    "S04": [
      0.3,
      0.3333333333333333,
      0.33613445378151263,
      0.226890756302521,
      0.3025210084033613,
      0.35,
      0.31666666666666665,
      0.2773109243697479,
      0.3445378151260504,
      0.226890756302521
    ],
    "S05": [
      0.21666666666666667,
      0.3,
      0.275,
      0.25833333333333336,
      0.24369747899159663,
      0.26666666666666666,
      0.25,
      0.2833333333333333,
      0.3333333333333333,
      0.21008403361344538
    ],
    "S06": [
      0.225,
      0.19327731092436976,
      0.13445378151260504,
      0.18487394957983194,
      0.226890756302521,
      0.125,
      0.19327731092436976,
      0.15966386554621848,
      0.21008403361344538,
      0.17647058823529413
    ],
    "S07": [
      0.08403361344537816,
      0.14285714285714285,
      0.19327731092436976,
      0.17647058823529413,
      0.1440677966101695,
      0.15966386554621848,
      0.16806722689075632,
      0.12605042016806722,
      0.12605042016806722,
      0.2033898305084746
    ],
    "S08": [
      0.23333333333333334,
      0.10833333333333334,
      0.19166666666666668,
      0.19166666666666668,
      0.15126050420168066,
      0.2,
      0.2916666666666667,
      0.125,
      0.16666666666666666,
      0.20168067226890757
    ],
    "S09": [
      0.14285714285714285,
      0.23529411764705882,
      0.18487394957983194,
      0.17647058823529413,
      0.2773109243697479,
      0.17647058823529413,
      0.17647058823529413,
      0.23529411764705882,
      0.17647058823529413,
      0.19327731092436976
    ],
    "S10": [
      0.225,
      0.225,
      0.26666666666666666,
      0.2605042016806723,
      0.2184873949579832,
      0.24166666666666667,
      0.21666666666666667,
      0.175,
      0.20168067226890757,
      0.2689075630252101
    ],
    "S11": [
      0.4083333333333333,
      0.4083333333333333,
      0.4583333333333333,
      0.4,
      0.48333333333333334,
      0.44166666666666665,
      0.4083333333333333,
      0.48333333333333334,
      0.5416666666666666,
      0.4666666666666667
    ],
    "S12": [
      0.18487394957983194,
      0.15126050420168066,
      0.10084033613445378,
      0.1440677966101695,
      0.2288135593220339,
      0.17647058823529413,
      0.19327731092436976,
      0.20168067226890757,
      0.1694915254237288,
      0.15254237288135594
    ],
    "S13": [
      0.21008403361344538,
      0.3025210084033613,
      0.2542372881355932,
      0.1694915254237288,
      0.2288135593220339,
      0.20168067226890757,
      0.2184873949579832,
      0.2457627118644068,
      0.2457627118644068,
      0.211864406779661
    ],
    "S14": [
      0.175,
      0.15,
      0.13445378151260504,
      0.18487394957983194,
      0.13445378151260504,
      0.11666666666666667,
      0.15,
      0.21008403361344538,
      0.17647058823529413,
      0.11764705882352941
    ],
    "S15": [
      0.15126050420168066,
      0.1092436974789916,
      0.1271186440677966,
      0.1016949152542373,
      0.15254237288135594,
      0.2184873949579832,
      0.1092436974789916,
      0.1271186440677966,
      0.16101694915254236,
      0.1016949152542373
    ],
    "S16": [
      0.36666666666666664,
      0.5416666666666666,
      0.4666666666666667,
      0.4583333333333333,
      0.49166666666666664,
      0.5,
      0.49166666666666664,
      0.425,
      0.425,
      0.5416666666666666
    ],
    "S17": [
      0.20168067226890757,
      0.17647058823529413,
      0.21008403361344538,
      0.2184873949579832,
      0.21008403361344538,
      0.17647058823529413,
      0.16806722689075632,
      0.20168067226890757,
      0.21008403361344538,
      0.23529411764705882
    ],
    "S18": [
      0.2833333333333333,
      0.3,
      0.23529411764705882,
      0.24369747899159663,
      0.2184873949579832,
      0.275,
      0.24166666666666667,
      0.2184873949579832,
      0.2857142857142857,
      0.21008403361344538
    ],
    "S19": [
      0.325,
      0.2833333333333333,
      0.30833333333333335,
      0.31666666666666665,
      0.2689075630252101,
      0.21666666666666667,
      0.2833333333333333,
      0.35833333333333334,
      0.25,
      0.3025210084033613
    ],
    "S20": [
      0.12605042016806722,
      0.11764705882352941,
      0.12605042016806722,
      0.14285714285714285,
      0.12605042016806722,
      0.12605042016806722,
      0.18487394957983194,
      0.11764705882352941,
      0.11764705882352941,
      0.10084033613445378
    ]
  }
}